customer_id,product_id,product_category,region,store_type,sales_amount,discount,units_sold
cst61,pcdt503,Clothing,North,Online,967.79,31.78,47.34
cst579,pcdt878,Home,South,Online,713.06,43.09,25.42
cst858,pcdt910,Sports,North,Online,662.72,4.89,56.13
cst1045,pcdt724,Home,West,Online,197.21,40.34,9.32
cst825,pcdt189,Electronics,West,Retail,222.69,4.13,50.78
cst761,pcdt277,Sports,West,Retail,673.81,12.59,97.35
cst1016,pcdt613,Clothing,North,Online,599.77,47.77,54.55
cst742,pcdt564,Sports,North,Online,288.73,4.95,40.67
cst173,pcdt996,Clothing,North,Online,853.06,32.18,91.74
cst1141,pcdt686,Electronics,North,Retail,804.27,32.55,83.73
cst210,pcdt998,Electronics,East,Online,547.82,44.15,61.87
cst743,pcdt1148,Electronics,South,Retail,809.24,29.05,66.33
cst1011,pcdt699,Sports,West,Retail,912.1,48.94,11.81
cst1127,pcdt664,Clothing,West,Retail,127.1,28.22,83.74
cst1060,pcdt283,Electronics,North,Retail,459.67,33.28,48.23
cst1082,pcdt187,Electronics,South,Online,964.57,1.99,38.63
cst463,pcdt729,Sports,East,Online,281.63,17.3,84.12
cst804,pcdt275,Electronics,West,Retail,53.03,37.39,7.18
cst536,pcdt245,Electronics,West,Online,939.43,31.18,62.3
cst474,pcdt123,Home,North,Online,599.73,17.28,7.41
cst505,pcdt430,Clothing,South,Online,255.63,0.34,40.11
cst642,pcdt612,Sports,East,Retail,137.25,17.02,52.15
cst400,pcdt749,Electronics,West,Online,293.47,13.64,15.18
cst438,pcdt640,Electronics,South,Online,703.16,20.11,27.16
cst259,pcdt281,Sports,West,Online,741.3,28.01,98.76
cst558,pcdt270,Clothing,East,Retail,854.31,27.75,40.26
cst669,pcdt34,Home,North,Retail,160.17,39.13,19.09
cst989,pcdt719,Home,South,Retail,446.02,8.77,83.94
cst1121,pcdt650,Home,South,Retail,268.41,38.35,7.91
cst687,pcdt404,Electronics,South,Retail,358.6,7.48,83.59
cst529,pcdt764,Sports,West,Retail,354.82,39.75,74.3
cst4,pcdt374,Clothing,North,Retail,511.46,18.7,68.61
cst517,pcdt823,Sports,South,Online,142.33,12.64,6.71
cst780,pcdt1101,Home,North,Retail,51.02,43.81,67.5
cst689,pcdt912,Home,South,Retail,828.84,24.14,69.62
cst539,pcdt722,Clothing,North,Online,12.78,25.18,55.1
cst760,pcdt436,Home,North,Retail,518.45,21.35,4.0
cst502,pcdt160,Sports,East,Retail,976.52,18.45,26.83
cst1195,pcdt105,Home,West,Retail,89.7,38.6,77.02
cst395,pcdt801,Electronics,North,Online,206.7,26.96,8.97
cst658,pcdt708,Home,South,Online,460.87,9.01,29.19
cst1065,pcdt696,Electronics,West,Retail,381.75,27.86,46.18
cst1164,pcdt234,Home,North,Retail,753.9,17.22,57.42
cst415,pcdt819,Electronics,South,Retail,930.2,6.0,34.03
cst409,pcdt1017,Clothing,North,Online,443.32,23.18,82.57
cst901,pcdt619,Clothing,South,Online,310.29,34.96,90.75
cst52,pcdt501,Sports,West,Online,461.79,12.95,46.42
cst899,pcdt981,Clothing,North,Retail,574.14,20.77,27.8
cst583,pcdt356,Sports,East,Retail,688.92,16.46,67.43
cst393,pcdt1145,Electronics,South,Online,125.92,37.58,67.19
cst1104,pcdt422,Electronics,East,Online,576.2,40.53,20.86
cst983,pcdt166,Home,North,Retail,799.47,23.03,13.47
cst613,pcdt908,Sports,East,Retail,921.84,11.96,34.7
cst889,pcdt587,Sports,West,Online,679.53,1.96,6.26
cst124,pcdt977,Electronics,East,Retail,264.76,23.98,9.04
cst335,pcdt352,Electronics,West,Retail,207.33,4.74,44.63
cst253,pcdt578,Electronics,East,Online,317.92,29.58,7.06
cst533,pcdt1048,Electronics,East,Retail,862.29,19.87,10.51
cst74,pcdt886,Clothing,East,Online,775.3,24.39,20.96
cst902,pcdt589,Home,West,Retail,64.93,38.33,22.92
cst651,pcdt956,Clothing,South,Online,885.37,7.21,90.32
cst715,pcdt482,Clothing,East,Retail,720.93,23.99,43.79
cst890,pcdt631,Sports,South,Retail,580.79,47.63,30.97
cst224,pcdt343,Electronics,East,Retail,702.37,12.22,12.02
cst343,pcdt642,Electronics,East,Online,362.3,19.01,62.47
cst1160,pcdt180,Home,East,Online,610.15,46.22,38.38
cst163,pcdt310,Home,South,Retail,426.87,8.77,48.98
cst287,pcdt577,Home,South,Retail,748.32,2.2,50.03
cst444,pcdt47,Clothing,North,Retail,502.19,18.15,37.33
cst182,pcdt1166,Clothing,North,Online,171.31,21.01,58.78
cst466,pcdt1086,Home,South,Online,501.47,13.71,55.11
cst922,pcdt182,Sports,East,Online,259.86,48.89,28.75
cst5,pcdt112,Home,South,Retail,882.01,5.75,88.21
cst976,pcdt266,Home,North,Retail,374.39,3.08,12.24
cst479,pcdt1190,Clothing,South,Retail,368.06,40.85,44.1
cst747,pcdt974,Electronics,North,Online,760.61,20.08,43.93
cst1020,pcdt28,Home,North,Retail,741.69,18.53,18.9
cst732,pcdt995,Electronics,West,Retail,498.8,12.95,44.01
cst630,pcdt243,Sports,North,Online,342.55,3.21,83.66
cst1022,pcdt769,Sports,East,Retail,384.41,0.88,23.4
cst55,pcdt548,Sports,East,Retail,917.28,39.42,65.37
cst1077,pcdt363,Home,South,Retail,368.06,2.71,91.73
cst136,pcdt1006,Clothing,West,Retail,847.69,26.21,17.85
cst752,pcdt727,Clothing,South,Retail,753.45,32.42,12.16
cst660,pcdt24,Home,East,Retail,962.07,24.36,66.39
cst221,pcdt233,Clothing,East,Online,51.21,20.45,27.85
cst931,pcdt1010,Home,South,Retail,431.72,23.59,49.48
cst483,pcdt401,Home,West,Online,311.29,44.95,48.94
cst480,pcdt805,Home,East,Retail,715.3,38.16,14.2
cst744,pcdt76,Sports,West,Retail,790.1,30.06,93.12
cst1144,pcdt238,Clothing,North,Online,779.97,19.68,71.46
cst1159,pcdt929,Sports,North,Retail,58.48,30.66,14.76
cst522,pcdt1100,Home,North,Online,465.76,23.55,77.93
cst187,pcdt882,Electronics,South,Retail,689.14,23.4,47.78
cst739,pcdt850,Sports,South,Retail,256.63,19.93,5.65
cst928,pcdt1109,Sports,South,Online,129.59,35.86,82.59
cst526,pcdt369,Sports,North,Online,175.27,49.97,28.1
cst506,pcdt146,Home,North,Online,425.06,11.57,34.46
cst895,pcdt377,Home,South,Retail,340.33,24.35,17.46
cst214,pcdt946,Home,North,Retail,549.5,30.15,7.06
cst591,pcdt877,Sports,West,Online,670.91,11.42,45.09
cst665,pcdt602,Electronics,West,Online,694.42,28.01,21.03
cst1165,pcdt1076,Sports,West,Retail,761.03,12.0,36.11
cst567,pcdt248,Electronics,South,Online,183.16,37.76,1.64
cst685,pcdt1122,Clothing,North,Online,860.64,19.64,46.27
cst646,pcdt276,Electronics,West,Retail,951.85,29.1,38.29
cst853,pcdt148,Sports,South,Online,364.0,40.67,30.26
cst525,pcdt661,Sports,East,Online,740.23,32.92,51.43
cst104,pcdt45,Sports,West,Online,647.39,24.34,17.29
cst1175,pcdt192,Clothing,East,Retail,833.35,25.42,49.15
cst723,pcdt553,Clothing,East,Retail,96.74,27.72,48.05
cst491,pcdt251,Electronics,South,Retail,158.86,21.27,59.86
cst63,pcdt502,Sports,South,Online,796.82,27.75,75.07
cst999,pcdt1102,Clothing,West,Online,96.85,48.71,57.87
cst790,pcdt609,Sports,West,Retail,480.39,29.3,61.58
cst257,pcdt355,Clothing,West,Retail,213.16,2.05,28.2
cst433,pcdt1019,Electronics,North,Retail,527.08,12.07,28.12
cst1062,pcdt254,Clothing,East,Online,787.61,12.35,37.58
cst245,pcdt546,Home,West,Online,621.14,39.26,13.36
cst807,pcdt550,Home,East,Retail,577.77,10.75,9.82
cst139,pcdt1106,Sports,East,Retail,476.15,2.84,73.35
cst756,pcdt323,Electronics,South,Retail,939.76,27.49,5.33
cst171,pcdt406,Home,South,Retail,595.01,10.47,73.86
cst653,pcdt984,Sports,North,Retail,880.7,21.07,91.85
cst436,pcdt271,Sports,East,Retail,544.36,39.98,99.39
cst401,pcdt821,Home,North,Retail,951.09,15.5,44.78
cst635,pcdt513,Clothing,East,Retail,426.7,7.76,1.67
cst566,pcdt649,Home,East,Online,245.39,21.77,37.83
cst944,pcdt177,Clothing,East,Online,702.69,0.36,93.24
cst699,pcdt317,Sports,South,Online,37.18,9.15,68.53
cst652,pcdt833,Home,South,Online,948.68,28.19,34.82
cst621,pcdt646,Clothing,West,Retail,10.57,10.58,48.7
cst821,pcdt452,Clothing,West,Retail,933.28,5.05,25.72
cst1074,pcdt29,Clothing,East,Retail,324.8,42.14,39.98
cst1148,pcdt603,Electronics,North,Online,289.34,3.13,75.13
cst289,pcdt342,Electronics,South,Online,731.53,36.51,55.85
cst962,pcdt944,Clothing,East,Retail,209.55,13.92,24.47
cst961,pcdt858,Sports,South,Retail,721.55,17.84,30.57
cst1083,pcdt915,Home,North,Retail,59.91,0.93,71.71
cst880,pcdt922,Home,North,Online,294.87,7.65,98.11
cst759,pcdt387,Electronics,South,Retail,136.88,48.4,28.94
cst849,pcdt971,Clothing,East,Online,625.15,5.67,40.39
cst1,pcdt413,Sports,West,Retail,591.08,6.5,7.01
cst534,pcdt303,Sports,East,Online,789.73,43.59,40.06
cst974,pcdt120,Clothing,West,Retail,217.05,5.45,36.76
cst679,pcdt888,Clothing,West,Online,958.75,12.08,80.0
cst21,pcdt1154,Home,North,Retail,121.04,4.04,73.2
cst753,pcdt637,Home,East,Retail,145.11,38.38,52.4
cst425,pcdt293,Home,South,Retail,114.18,24.13,22.28
cst206,pcdt698,Electronics,North,Retail,379.1,45.57,80.05
cst863,pcdt289,Clothing,North,Online,385.96,39.31,80.74
cst898,pcdt568,Clothing,West,Online,742.58,44.68,96.91
cst79,pcdt899,Clothing,South,Online,70.94,8.07,72.8
cst564,pcdt89,Home,North,Online,409.37,16.26,81.36
cst34,pcdt671,Electronics,South,Retail,835.11,30.36,64.59
cst785,pcdt845,Electronics,West,Retail,832.51,4.74,77.27
cst128,pcdt209,Home,South,Retail,469.34,22.44,38.03
cst1049,pcdt91,Sports,West,Online,758.05,20.94,11.36
cst674,pcdt938,Home,East,Online,75.84,3.0,14.52
cst578,pcdt905,Sports,South,Online,372.9,32.36,35.27
cst876,pcdt217,Home,West,Online,896.61,0.69,54.31
cst667,pcdt960,Clothing,East,Online,118.48,15.67,8.82
cst987,pcdt885,Sports,North,Retail,348.51,15.28,37.65
cst873,pcdt900,Sports,East,Retail,267.32,34.98,38.25
cst133,pcdt745,Electronics,North,Retail,622.4,0.02,41.16
cst973,pcdt119,Clothing,East,Retail,269.63,13.97,43.42
cst1184,pcdt144,Sports,West,Retail,536.27,26.29,85.44
cst158,pcdt1027,Sports,South,Retail,11.43,40.69,38.27
cst1041,pcdt1084,Sports,East,Online,133.99,49.62,18.79
cst1087,pcdt44,Home,North,Online,454.53,6.63,51.72
cst86,pcdt827,Clothing,West,Online,227.41,16.28,18.09
cst246,pcdt599,Sports,West,Retail,359.15,48.17,80.97
cst57,pcdt127,Clothing,North,Online,803.22,24.6,61.8
cst781,pcdt125,Home,East,Online,365.55,13.23,37.62
cst913,pcdt185,Clothing,North,Retail,296.35,28.75,79.54
cst337,pcdt278,Sports,South,Retail,264.57,4.26,22.97
cst919,pcdt1063,Clothing,North,Retail,724.16,38.55,5.74
cst1108,pcdt521,Clothing,North,Retail,806.59,38.78,81.59
cst487,pcdt747,Sports,East,Online,189.8,11.24,77.23
cst451,pcdt869,Electronics,West,Online,426.04,38.24,51.64
cst240,pcdt545,Clothing,West,Retail,308.82,7.54,84.21
cst957,pcdt136,Electronics,East,Online,745.52,32.09,20.71
cst614,pcdt181,Electronics,West,Retail,304.03,16.41,73.55
cst414,pcdt804,Electronics,North,Online,523.31,7.45,21.58
cst819,pcdt524,Clothing,North,Retail,961.83,20.4,86.24
cst468,pcdt372,Home,North,Retail,911.52,29.38,37.87
cst1146,pcdt20,Sports,West,Retail,396.04,46.41,81.81
cst437,pcdt867,Sports,West,Retail,122.94,47.42,16.73
cst305,pcdt237,Electronics,North,Retail,843.87,0.1,50.03
cst606,pcdt1061,Electronics,North,Online,386.75,49.58,72.87
cst1039,pcdt19,Sports,East,Online,781.36,14.23,43.5
cst24,pcdt371,Electronics,North,Retail,548.67,42.8,73.97
cst575,pcdt259,Home,West,Retail,911.78,13.86,72.47
cst317,pcdt240,Clothing,South,Online,612.25,32.28,18.35
cst385,pcdt49,Sports,North,Retail,840.62,3.27,80.15
cst441,pcdt67,Sports,North,Online,516.52,14.62,28.95
cst573,pcdt41,Sports,East,Retail,747.88,14.61,81.21
cst696,pcdt947,Electronics,North,Online,784.37,25.88,4.22
cst532,pcdt1113,Sports,North,Online,976.54,18.8,60.93
cst581,pcdt495,Sports,West,Online,522.33,45.65,17.89
cst958,pcdt383,Home,East,Retail,789.29,9.89,89.13
cst608,pcdt378,Clothing,West,Retail,195.25,41.49,53.36
cst920,pcdt504,Electronics,South,Retail,660.39,16.02,37.24
cst1194,pcdt865,Clothing,North,Retail,618.07,41.19,13.43
cst127,pcdt230,Clothing,West,Online,310.16,18.03,58.42
cst94,pcdt494,Electronics,East,Retail,299.98,12.15,4.63
cst361,pcdt750,Clothing,South,Online,153.27,25.78,70.53
cst452,pcdt652,Clothing,South,Online,695.64,7.13,22.17
cst440,pcdt994,Home,East,Online,970.98,46.61,26.41
cst324,pcdt339,Sports,South,Online,521.17,7.39,7.95
cst585,pcdt618,Home,South,Online,66.51,29.72,83.4
cst277,pcdt565,Home,West,Retail,981.56,29.46,68.73
cst270,pcdt1079,Electronics,East,Online,524.87,37.49,83.75
cst160,pcdt806,Sports,South,Online,937.94,1.04,29.52
cst1161,pcdt155,Clothing,North,Online,76.9,44.11,36.88
cst626,pcdt474,Clothing,West,Retail,678.53,8.74,6.48
cst765,pcdt241,Sports,West,Online,444.54,20.18,34.84
cst1103,pcdt15,Clothing,East,Online,633.62,36.57,43.69
cst330,pcdt583,Clothing,West,Retail,809.8,23.73,24.72
cst511,pcdt726,Home,East,Retail,741.57,24.81,13.78
cst569,pcdt1093,Electronics,North,Retail,860.03,5.4,76.25
cst965,pcdt790,Home,South,Online,277.71,32.51,22.45
cst198,pcdt1098,Clothing,West,Retail,900.49,37.4,38.89
cst809,pcdt4,Sports,West,Online,881.32,17.17,22.92
cst346,pcdt226,Clothing,South,Online,308.49,26.4,35.0
cst278,pcdt1045,Home,East,Online,774.03,24.6,44.17
cst8,pcdt952,Clothing,West,Online,445.28,18.04,33.37
cst351,pcdt638,Sports,West,Retail,147.54,25.72,91.84
cst1132,pcdt934,Clothing,East,Retail,384.27,24.49,82.4
cst243,pcdt86,Sports,South,Retail,304.78,6.83,12.89
cst1099,pcdt167,Clothing,South,Retail,58.36,31.75,41.63
cst731,pcdt418,Electronics,West,Retail,340.06,30.61,21.61
cst763,pcdt169,Sports,East,Retail,576.14,31.89,79.59
cst982,pcdt218,Sports,South,Online,911.59,47.0,56.61
cst1064,pcdt732,Sports,West,Online,340.17,33.51,6.74
cst1063,pcdt1182,Electronics,West,Online,857.9,19.31,18.09
cst448,pcdt607,Clothing,West,Retail,195.9,22.49,65.89
cst344,pcdt305,Home,South,Retail,585.86,31.7,52.77
cst1188,pcdt223,Home,East,Retail,572.36,42.33,28.01
cst718,pcdt10,Electronics,East,Online,959.49,5.04,40.49
cst200,pcdt147,Electronics,West,Online,750.62,42.54,80.7
cst625,pcdt61,Clothing,East,Retail,58.04,38.76,72.2
cst1190,pcdt171,Home,South,Retail,521.22,26.53,91.63
cst23,pcdt950,Electronics,West,Online,818.73,45.73,80.82
cst397,pcdt229,Electronics,North,Retail,273.21,12.87,98.18
cst310,pcdt162,Home,East,Online,590.77,34.94,58.79
cst1056,pcdt508,Electronics,North,Retail,147.62,4.75,24.37
cst603,pcdt486,Electronics,East,Retail,709.46,12.2,14.52
cst911,pcdt433,Home,West,Online,168.79,4.72,62.19
cst661,pcdt1176,Home,West,Online,266.92,7.58,12.07
cst363,pcdt743,Clothing,North,Online,365.7,12.9,14.22
cst93,pcdt5,Home,East,Online,437.71,35.53,12.2
cst490,pcdt963,Home,South,Retail,575.28,43.37,54.92
cst691,pcdt625,Sports,South,Online,313.47,0.73,69.92
cst953,pcdt102,Electronics,West,Retail,483.84,2.32,89.62
cst708,pcdt79,Electronics,East,Online,480.62,33.94,3.45
cst302,pcdt1037,Clothing,South,Retail,328.93,28.28,82.35
cst430,pcdt842,Electronics,West,Online,522.81,36.71,25.74
cst222,pcdt399,Clothing,South,Online,251.94,25.14,89.24
cst309,pcdt510,Sports,North,Retail,186.37,43.3,53.57
cst459,pcdt953,Sports,South,Retail,340.12,20.98,19.72
cst975,pcdt940,Sports,South,Retail,646.8,14.97,45.15
cst1094,pcdt903,Home,East,Retail,677.78,40.01,79.37
cst609,pcdt465,Home,North,Retail,348.15,24.11,99.49
cst300,pcdt1174,Clothing,East,Online,325.02,32.03,86.28
cst403,pcdt348,Clothing,South,Online,498.35,22.09,83.68
cst663,pcdt975,Sports,West,Online,53.91,28.23,55.77
cst600,pcdt499,Electronics,South,Retail,699.61,5.28,38.17
cst810,pcdt1119,Sports,East,Retail,445.22,11.47,96.38
cst420,pcdt1141,Sports,West,Retail,52.48,2.87,76.32
cst921,pcdt459,Home,West,Online,256.05,34.29,9.54
cst113,pcdt552,Electronics,South,Retail,742.06,8.11,31.78
cst955,pcdt215,Sports,East,Retail,486.08,23.26,19.73
cst714,pcdt1159,Home,South,Online,609.26,49.5,64.66
cst829,pcdt765,Electronics,South,Retail,501.93,26.26,33.05
cst936,pcdt1138,Sports,East,Online,662.34,37.37,76.27
cst951,pcdt770,Home,North,Retail,706.32,29.26,86.1
cst234,pcdt121,Clothing,East,Online,497.69,9.22,94.47
cst910,pcdt831,Electronics,East,Retail,402.64,41.51,90.85
cst1130,pcdt186,Home,East,Retail,791.35,20.08,12.06
cst1034,pcdt470,Electronics,North,Online,451.16,23.61,59.24
cst671,pcdt617,Clothing,South,Online,930.99,2.34,88.88
cst824,pcdt713,Electronics,South,Online,496.44,27.81,24.96
cst751,pcdt242,Electronics,West,Retail,436.45,5.41,24.17
cst616,pcdt345,Sports,East,Online,472.2,16.4,59.89
cst273,pcdt207,Electronics,North,Retail,718.73,34.19,67.58
cst251,pcdt467,Clothing,North,Online,655.13,21.11,67.41
cst554,pcdt855,Sports,West,Online,559.36,33.64,45.85
cst866,pcdt101,Home,West,Retail,470.46,43.23,44.53
cst1152,pcdt1068,Clothing,West,Retail,294.58,22.0,61.47
cst904,pcdt927,Sports,South,Online,758.25,6.81,95.44
cst250,pcdt1128,Home,West,Online,641.33,9.65,60.26
cst930,pcdt466,Clothing,West,Retail,865.39,10.63,17.51
cst416,pcdt848,Sports,East,Retail,296.12,21.46,17.91
cst1029,pcdt116,Electronics,East,Retail,628.69,12.6,89.37
cst1199,pcdt291,Clothing,South,Retail,561.14,36.68,11.74
cst1010,pcdt515,Clothing,South,Retail,423.41,44.55,56.38
cst390,pcdt122,Home,South,Online,545.99,38.77,99.33
cst841,pcdt841,Electronics,North,Online,250.62,27.58,94.81
cst20,pcdt876,Sports,East,Online,612.65,40.44,71.79
cst410,pcdt663,Electronics,East,Retail,28.19,10.95,79.71
cst314,pcdt300,Sports,East,Online,766.98,32.91,80.7
cst1118,pcdt868,Electronics,South,Retail,904.62,48.13,9.5
cst832,pcdt46,Electronics,East,Online,22.63,27.45,61.86
cst421,pcdt793,Electronics,East,Online,911.15,47.26,69.05
cst292,pcdt295,Electronics,South,Online,147.4,29.25,2.38
cst891,pcdt32,Home,North,Retail,79.66,45.94,42.48
cst153,pcdt863,Clothing,South,Retail,859.5,21.18,57.04
cst977,pcdt1110,Clothing,East,Retail,380.07,25.19,75.55
cst610,pcdt693,Home,West,Retail,586.84,1.07,86.63
cst1158,pcdt3,Home,South,Retail,916.23,7.03,97.31
cst201,pcdt976,Electronics,North,Online,527.75,34.95,19.37
cst152,pcdt716,Electronics,West,Retail,450.47,48.93,32.08
cst196,pcdt403,Home,North,Online,839.03,11.0,75.25
cst806,pcdt1117,Electronics,North,Online,475.88,10.88,21.26
cst58,pcdt288,Clothing,North,Online,877.14,35.14,34.39
cst519,pcdt632,Sports,West,Online,968.31,4.95,60.9
cst208,pcdt351,Electronics,West,Online,598.04,3.48,37.26
cst602,pcdt541,Sports,North,Retail,297.61,28.34,93.39
cst445,pcdt268,Clothing,North,Online,233.91,43.08,79.2
cst135,pcdt853,Sports,South,Retail,195.95,27.06,47.19
cst994,pcdt836,Home,East,Online,619.76,7.35,34.56
cst16,pcdt712,Home,East,Online,945.76,18.4,89.41
cst166,pcdt695,Sports,East,Retail,219.76,22.08,11.15
cst1100,pcdt606,Electronics,North,Online,921.11,36.46,59.95
cst1002,pcdt301,Electronics,East,Retail,99.28,18.22,11.28
cst230,pcdt1108,Electronics,North,Online,27.13,44.72,97.19
cst290,pcdt141,Sports,East,Online,104.52,46.37,93.4
cst972,pcdt787,Home,North,Retail,20.7,26.37,95.3
cst179,pcdt1189,Electronics,West,Retail,83.15,36.13,76.84
cst916,pcdt560,Clothing,North,Retail,908.39,44.62,75.56
cst705,pcdt393,Electronics,North,Retail,923.66,36.09,34.97
cst3,pcdt592,Electronics,West,Online,133.7,28.21,36.45
cst161,pcdt62,Sports,North,Online,614.84,38.47,62.72
cst229,pcdt514,Clothing,North,Retail,147.68,21.99,35.15
cst1170,pcdt188,Home,West,Online,296.14,20.28,90.12
cst1162,pcdt1030,Electronics,West,Retail,367.5,48.05,93.46
cst745,pcdt250,Clothing,South,Retail,911.11,11.99,86.26
cst207,pcdt395,Clothing,South,Online,69.86,38.82,81.76
cst1140,pcdt1112,Sports,West,Online,368.67,23.74,23.96
cst114,pcdt444,Sports,South,Online,181.78,5.25,38.65
cst1154,pcdt814,Clothing,South,Online,431.33,23.14,48.0
cst1189,pcdt1185,Clothing,West,Retail,539.48,48.05,52.11
cst1173,pcdt491,Electronics,West,Retail,312.51,25.1,17.29
cst1036,pcdt1044,Home,East,Online,289.06,36.76,68.13
cst22,pcdt871,Sports,South,Online,740.6,6.67,34.45
cst1111,pcdt957,Electronics,East,Online,547.25,16.99,88.01
cst495,pcdt748,Sports,South,Retail,373.37,46.77,80.31
cst9,pcdt1163,Home,South,Retail,692.47,10.58,96.13
cst339,pcdt68,Sports,South,Retail,857.31,19.13,67.82
cst1125,pcdt1133,Electronics,East,Retail,486.02,40.6,57.31
cst969,pcdt557,Electronics,South,Retail,78.27,17.83,85.59
cst359,pcdt581,Clothing,North,Retail,908.25,37.33,43.58
cst1019,pcdt961,Home,East,Online,141.81,30.44,62.46
cst1030,pcdt56,Home,North,Retail,710.94,0.46,67.86
cst736,pcdt585,Sports,North,Retail,581.73,31.99,77.13
cst1058,pcdt358,Clothing,East,Retail,144.47,29.35,36.85
cst954,pcdt529,Home,East,Retail,365.12,32.1,50.83
cst520,pcdt500,Sports,East,Online,614.89,6.77,57.13
cst431,pcdt247,Clothing,East,Retail,218.72,12.63,46.02
cst1156,pcdt473,Electronics,West,Retail,202.19,44.26,71.66
cst91,pcdt158,Sports,South,Online,383.04,38.35,73.73
cst817,pcdt595,Sports,West,Retail,865.09,35.88,70.74
cst741,pcdt1025,Sports,North,Retail,784.38,20.51,74.68
cst460,pcdt760,Electronics,South,Retail,206.61,11.47,7.5
cst950,pcdt1096,Electronics,East,Retail,756.59,9.0,8.74
cst87,pcdt1023,Home,South,Online,50.82,0.0,67.2
cst865,pcdt455,Clothing,East,Retail,605.49,40.67,41.29
cst1031,pcdt30,Sports,North,Online,168.4,22.35,61.97
cst794,pcdt42,Clothing,North,Online,311.0,25.1,19.54
cst917,pcdt758,Sports,South,Online,822.88,35.45,23.77
cst67,pcdt860,Home,West,Online,135.41,42.26,93.41
cst786,pcdt318,Sports,West,Retail,967.15,13.74,45.79
cst701,pcdt52,Home,East,Retail,369.42,5.78,94.28
cst362,pcdt489,Electronics,West,Retail,859.5,45.08,46.16
cst68,pcdt532,Electronics,North,Online,942.09,8.57,64.41
cst276,pcdt880,Clothing,West,Retail,885.84,25.08,92.27
cst1149,pcdt17,Sports,North,Retail,307.1,14.41,52.17
cst461,pcdt988,Electronics,North,Retail,745.8,13.77,23.18
cst364,pcdt1172,Sports,West,Retail,884.46,36.64,96.09
cst316,pcdt1062,Home,West,Retail,272.15,20.42,12.5
cst750,pcdt789,Home,South,Online,962.34,7.96,11.46
cst934,pcdt644,Clothing,West,Online,169.42,30.62,73.22
cst837,pcdt948,Home,East,Online,496.63,15.39,24.0
cst88,pcdt939,Home,East,Retail,744.35,20.64,6.77
cst738,pcdt1160,Clothing,East,Online,872.68,20.0,49.08
cst964,pcdt448,Sports,West,Retail,155.71,5.54,7.42
cst147,pcdt983,Electronics,North,Retail,903.53,25.61,78.66
cst384,pcdt751,Home,South,Retail,734.5,18.34,31.57
cst627,pcdt645,Home,South,Retail,56.61,33.74,97.61
cst379,pcdt715,Home,West,Online,710.98,39.62,16.49
cst542,pcdt830,Clothing,South,Retail,298.01,42.78,94.82
cst297,pcdt400,Electronics,East,Retail,568.32,33.08,57.91
cst802,pcdt968,Home,South,Online,349.53,40.92,39.16
cst896,pcdt709,Home,West,Online,705.48,41.36,69.93
cst684,pcdt109,Clothing,North,Online,528.73,39.36,94.35
cst1198,pcdt926,Electronics,North,Online,779.65,7.58,41.55
cst1092,pcdt442,Sports,West,Retail,972.35,33.24,40.84
cst937,pcdt608,Sports,South,Online,738.3,43.69,28.75
cst307,pcdt872,Sports,North,Retail,701.37,37.27,98.48
cst291,pcdt205,Home,East,Online,546.68,32.28,45.5
cst547,pcdt366,Sports,East,Retail,354.21,40.58,94.49
cst45,pcdt993,Clothing,South,Online,184.74,31.17,74.48
cst47,pcdt562,Sports,North,Retail,816.15,23.43,69.02
cst165,pcdt149,Clothing,East,Retail,60.3,6.5,79.93
cst450,pcdt211,Home,West,Online,291.59,5.21,2.55
cst499,pcdt152,Electronics,North,Online,222.46,43.25,33.87
cst464,pcdt893,Home,South,Retail,467.19,27.7,93.94
cst638,pcdt615,Sports,West,Online,860.65,17.55,12.55
cst501,pcdt742,Sports,North,Retail,645.9,39.24,1.49
cst758,pcdt59,Sports,South,Online,71.64,18.52,40.84
cst1137,pcdt918,Electronics,East,Online,306.9,44.56,67.03
cst711,pcdt584,Clothing,East,Retail,254.87,33.85,75.9
cst1061,pcdt1114,Clothing,South,Online,502.69,45.04,11.09
cst562,pcdt26,Electronics,East,Retail,161.63,2.66,87.08
cst1026,pcdt522,Sports,West,Online,781.31,49.98,91.51
cst1000,pcdt225,Clothing,North,Online,133.88,9.06,7.96
cst541,pcdt145,Clothing,North,Retail,465.28,25.98,95.53
cst800,pcdt678,Sports,South,Retail,763.74,23.02,42.06
cst915,pcdt766,Sports,West,Retail,259.92,19.79,77.13
cst733,pcdt347,Sports,West,Online,660.93,49.22,47.52
cst486,pcdt785,Home,East,Online,170.35,26.23,75.1
cst1196,pcdt1011,Electronics,West,Online,568.38,7.09,40.15
cst211,pcdt2,Clothing,West,Online,93.55,13.33,87.92
cst151,pcdt1139,Home,South,Retail,349.75,24.37,58.22
cst925,pcdt483,Electronics,South,Online,173.03,33.99,74.87
cst607,pcdt943,Sports,South,Retail,960.15,16.67,15.89
cst551,pcdt925,Clothing,East,Retail,983.91,23.97,82.79
cst670,pcdt1111,Sports,East,Online,449.41,14.51,14.92
cst933,pcdt1091,Home,North,Online,429.76,44.82,58.71
cst556,pcdt1081,Sports,East,Online,829.06,16.31,19.49
cst121,pcdt334,Electronics,West,Online,489.84,23.77,65.82
cst1186,pcdt580,Sports,West,Retail,283.64,13.32,71.91
cst130,pcdt428,Clothing,West,Online,679.84,23.44,86.51
cst142,pcdt228,Clothing,West,Retail,696.46,37.15,14.37
cst870,pcdt174,Sports,West,Retail,121.61,36.0,14.31
cst18,pcdt520,Home,East,Online,521.96,48.39,67.79
cst482,pcdt985,Home,East,Online,241.79,24.59,48.37
cst682,pcdt60,Clothing,East,Retail,238.29,1.77,21.29
cst77,pcdt298,Clothing,East,Online,861.78,1.32,70.0
cst986,pcdt114,Clothing,West,Retail,66.38,0.66,52.88
cst649,pcdt249,Electronics,South,Retail,144.65,42.12,81.8
cst391,pcdt924,Sports,West,Online,809.86,39.59,80.47
cst576,pcdt398,Electronics,North,Retail,883.42,48.64,6.25
cst773,pcdt227,Electronics,West,Retail,752.86,48.52,92.07
cst1122,pcdt22,Electronics,West,Retail,394.24,33.91,6.94
cst805,pcdt1018,Clothing,North,Online,390.03,2.71,94.15
cst227,pcdt951,Clothing,East,Online,895.04,18.43,72.25
cst929,pcdt1047,Electronics,North,Retail,490.6,3.65,57.22
cst995,pcdt440,Electronics,West,Retail,243.01,15.34,25.42
cst366,pcdt258,Clothing,North,Retail,278.66,24.04,30.67
cst89,pcdt1013,Electronics,West,Online,681.96,41.73,21.23
cst154,pcdt261,Home,West,Retail,264.59,37.09,70.95
cst454,pcdt194,Home,East,Online,675.26,44.71,16.26
cst791,pcdt1074,Sports,South,Online,564.69,16.82,14.08
cst1076,pcdt306,Home,South,Retail,489.44,35.27,36.63
cst764,pcdt382,Sports,North,Retail,658.32,13.89,29.6
cst332,pcdt92,Electronics,South,Retail,746.26,33.72,95.78
cst283,pcdt1078,Sports,South,Online,208.13,49.84,38.53
cst888,pcdt791,Clothing,North,Online,741.45,8.19,68.66
cst908,pcdt1183,Electronics,North,Online,990.03,46.2,8.51
cst823,pcdt873,Electronics,East,Online,620.05,0.88,74.67
cst568,pcdt231,Home,West,Retail,732.1,43.3,99.21
cst176,pcdt244,Clothing,South,Retail,62.92,46.49,25.01
cst1035,pcdt811,Clothing,West,Online,751.95,8.01,49.63
cst544,pcdt1075,Sports,South,Online,606.81,48.64,11.66
cst303,pcdt1131,Clothing,West,Online,344.98,6.66,99.98
cst97,pcdt657,Clothing,North,Online,125.18,33.98,63.5
cst770,pcdt630,Home,West,Retail,258.14,20.0,26.3
cst719,pcdt591,Electronics,West,Retail,654.69,22.65,58.14
cst1105,pcdt75,Electronics,West,Online,284.69,26.22,67.94
cst342,pcdt309,Clothing,East,Retail,456.95,9.5,24.03
cst595,pcdt655,Home,South,Retail,166.57,46.65,30.42
cst122,pcdt797,Home,East,Online,879.54,34.13,3.3
cst358,pcdt1083,Sports,West,Retail,781.81,46.54,88.73
cst402,pcdt235,Clothing,North,Online,753.22,23.87,13.57
cst918,pcdt1126,Electronics,North,Retail,926.66,30.85,50.7
cst399,pcdt1003,Sports,North,Online,287.74,22.7,11.03
cst496,pcdt497,Sports,West,Retail,480.9,44.49,45.65
cst225,pcdt9,Home,West,Retail,117.72,31.42,46.95
cst175,pcdt736,Electronics,East,Online,209.94,20.91,62.99
cst380,pcdt972,Sports,East,Online,204.55,47.55,49.86
cst808,pcdt373,Sports,West,Retail,559.38,41.81,81.17
cst846,pcdt48,Home,South,Online,961.86,8.7,57.54
cst1007,pcdt538,Clothing,East,Online,825.53,7.07,97.35
cst662,pcdt31,Home,East,Retail,689.09,11.75,73.11
cst115,pcdt808,Sports,North,Online,189.0,18.53,89.76
cst1072,pcdt931,Home,North,Retail,77.04,36.39,87.24
cst657,pcdt397,Clothing,North,Retail,499.47,39.44,9.61
cst264,pcdt627,Electronics,North,Online,154.42,2.03,76.02
cst530,pcdt151,Electronics,East,Online,36.29,42.44,3.5
cst1116,pcdt788,Home,West,Retail,464.3,49.24,11.01
cst1133,pcdt641,Clothing,West,Retail,435.41,47.97,94.28
cst106,pcdt349,Home,South,Online,472.93,0.08,84.12
cst341,pcdt64,Electronics,East,Online,848.45,46.79,96.05
cst779,pcdt1116,Sports,East,Online,113.43,48.82,71.43
cst675,pcdt832,Sports,West,Online,884.11,25.27,75.11
cst881,pcdt279,Electronics,West,Online,727.37,33.65,30.37
cst304,pcdt65,Home,East,Online,212.41,37.04,2.02
cst162,pcdt536,Sports,North,Retail,706.28,17.47,1.58
cst1166,pcdt487,Home,East,Retail,110.81,7.38,69.04
cst368,pcdt43,Clothing,West,Online,655.12,36.39,21.53
cst129,pcdt1149,Electronics,South,Online,544.53,1.21,57.07
cst348,pcdt488,Clothing,South,Retail,476.48,20.22,91.94
cst32,pcdt654,Clothing,South,Retail,37.71,46.0,27.63
cst1015,pcdt844,Clothing,South,Retail,100.88,14.86,88.44
cst956,pcdt156,Clothing,North,Online,882.0,9.5,46.94
cst295,pcdt99,Home,North,Retail,847.26,44.92,35.07
cst26,pcdt1001,Clothing,West,Retail,634.52,10.85,25.24
cst95,pcdt176,Electronics,East,Retail,350.96,15.22,11.08
cst172,pcdt1196,Clothing,West,Retail,879.17,33.07,29.14
cst233,pcdt862,Clothing,North,Retail,945.41,24.14,86.79
cst321,pcdt1089,Electronics,West,Online,930.65,10.1,64.91
cst269,pcdt201,Electronics,South,Retail,999.16,40.01,19.91
cst232,pcdt1085,Sports,North,Online,861.03,48.59,5.97
cst1071,pcdt13,Home,East,Online,262.6,48.66,48.89
cst981,pcdt680,Electronics,East,Online,483.38,6.1,71.5
cst306,pcdt1155,Home,South,Retail,794.81,46.29,56.66
cst274,pcdt874,Clothing,East,Retail,934.75,24.41,99.59
cst508,pcdt282,Home,East,Retail,50.7,33.59,83.76
cst1136,pcdt907,Home,East,Online,404.17,36.63,69.86
cst1006,pcdt730,Home,East,Retail,277.89,42.42,89.95
cst1013,pcdt755,Clothing,North,Online,537.65,15.57,55.55
cst618,pcdt933,Electronics,West,Retail,244.8,21.37,86.03
cst27,pcdt576,Electronics,North,Retail,40.58,13.27,79.37
cst453,pcdt512,Clothing,North,Online,116.96,12.63,26.99
cst338,pcdt986,Home,West,Online,928.26,43.57,89.0
cst326,pcdt478,Electronics,East,Retail,676.48,28.58,72.24
cst1178,pcdt598,Electronics,West,Online,822.06,18.35,47.29
cst427,pcdt411,Sports,East,Online,285.89,14.13,74.89
cst720,pcdt16,Electronics,North,Online,975.03,0.01,28.02
cst570,pcdt130,Sports,South,Online,523.3,8.24,40.69
cst1095,pcdt1181,Clothing,South,Online,330.46,23.23,46.45
cst548,pcdt1175,Home,South,Retail,278.63,22.85,4.24
cst1114,pcdt799,Home,South,Online,162.99,2.65,88.74
cst992,pcdt967,Clothing,West,Online,694.7,29.49,89.62
cst1131,pcdt1032,Sports,North,Retail,408.15,23.53,38.1
cst331,pcdt1178,Clothing,North,Online,834.52,1.38,11.71
cst867,pcdt71,Sports,West,Retail,415.39,3.56,91.73
cst498,pcdt402,Sports,East,Retail,70.54,14.06,9.82
cst92,pcdt843,Home,West,Online,88.11,27.72,70.38
cst237,pcdt786,Electronics,North,Online,135.76,42.28,15.87
cst1088,pcdt1197,Clothing,East,Retail,288.82,40.29,4.32
cst418,pcdt124,Sports,East,Online,33.67,47.37,75.28
cst371,pcdt586,Clothing,East,Online,698.97,39.09,27.83
cst571,pcdt456,Home,East,Retail,976.71,0.47,66.7
cst447,pcdt856,Home,East,Retail,956.94,36.67,30.01
cst828,pcdt690,Electronics,South,Online,728.67,45.09,99.63
cst167,pcdt142,Home,North,Retail,110.4,21.24,94.08
cst729,pcdt530,Sports,North,Online,940.59,27.85,39.55
cst189,pcdt476,Clothing,East,Online,362.31,42.91,86.48
cst754,pcdt420,Clothing,West,Online,827.3,45.72,5.18
cst239,pcdt702,Sports,South,Retail,451.45,25.07,21.08
cst1008,pcdt1058,Electronics,West,Retail,570.98,29.16,94.61
cst1079,pcdt1142,Sports,South,Online,215.74,7.43,68.82
cst650,pcdt1073,Sports,South,Online,464.96,15.49,91.07
cst218,pcdt965,Home,East,Online,112.81,4.96,14.11
cst882,pcdt1123,Sports,South,Retail,160.93,13.98,71.06
cst473,pcdt1162,Clothing,South,Retail,626.45,13.25,34.22
cst1046,pcdt178,Clothing,North,Online,57.67,48.17,57.05
cst424,pcdt904,Electronics,South,Online,758.22,18.31,40.72
cst869,pcdt660,Sports,West,Retail,797.22,25.91,56.15
cst481,pcdt8,Home,West,Retail,136.66,22.74,19.36
cst996,pcdt523,Electronics,West,Online,512.14,47.96,86.84
cst323,pcdt917,Clothing,North,Retail,275.63,32.19,25.43
cst392,pcdt1177,Sports,West,Retail,690.19,27.86,78.65
cst850,pcdt472,Electronics,South,Online,535.42,3.52,82.91
cst997,pcdt1161,Home,West,Retail,194.8,48.52,36.48
cst419,pcdt410,Electronics,East,Online,602.49,19.58,55.48
cst830,pcdt776,Clothing,West,Retail,759.77,3.95,82.16
cst1055,pcdt294,Sports,West,Online,510.74,7.05,90.37
cst550,pcdt818,Sports,East,Retail,111.42,19.05,47.67
cst389,pcdt774,Sports,South,Online,944.51,43.38,23.09
cst599,pcdt859,Home,South,Retail,346.08,13.15,44.18
cst56,pcdt446,Clothing,East,Retail,379.78,0.83,18.28
cst1110,pcdt477,Home,South,Online,159.7,4.14,76.62
cst465,pcdt535,Electronics,North,Online,289.27,28.41,10.41
cst798,pcdt752,Clothing,East,Retail,648.03,11.82,38.58
cst284,pcdt424,Electronics,North,Online,340.36,20.36,72.83
cst1115,pcdt911,Electronics,East,Retail,121.67,14.37,40.01
cst797,pcdt484,Clothing,East,Retail,203.15,44.54,24.47
cst590,pcdt920,Home,West,Online,829.96,24.28,82.54
cst960,pcdt980,Sports,South,Retail,401.71,47.12,66.53
cst105,pcdt777,Home,East,Retail,92.75,17.5,68.45
cst203,pcdt12,Home,North,Retail,487.18,10.73,81.64
cst281,pcdt331,Home,East,Online,692.24,33.75,55.54
cst489,pcdt239,Sports,West,Online,574.32,0.76,60.07
cst584,pcdt914,Sports,North,Retail,310.38,0.17,84.01
cst970,pcdt622,Clothing,West,Retail,829.08,4.13,60.31
cst769,pcdt1168,Sports,West,Retail,979.93,5.35,5.45
cst967,pcdt697,Clothing,South,Retail,555.54,19.16,30.5
cst280,pcdt838,Electronics,East,Online,994.06,21.5,84.39
cst905,pcdt861,Electronics,South,Retail,450.54,20.61,40.66
cst19,pcdt1199,Home,East,Retail,895.55,16.78,45.33
cst199,pcdt197,Clothing,South,Retail,928.41,4.3,40.76
cst469,pcdt916,Home,West,Online,412.21,31.56,91.06
cst118,pcdt1070,Electronics,North,Retail,90.92,34.35,29.82
cst514,pcdt704,Home,North,Online,634.77,22.05,84.91
cst76,pcdt937,Sports,South,Online,637.9,25.55,37.95
cst110,pcdt490,Home,North,Online,174.93,27.78,20.29
cst749,pcdt507,Home,West,Online,895.06,26.93,88.92
cst883,pcdt689,Sports,East,Online,345.59,47.14,76.81
cst893,pcdt384,Sports,East,Retail,921.83,8.95,56.87
cst1021,pcdt498,Home,West,Online,498.19,16.14,36.13
cst746,pcdt204,Clothing,East,Retail,123.38,16.87,61.96
cst472,pcdt718,Electronics,East,Retail,49.64,4.97,48.05
cst698,pcdt126,Sports,West,Online,597.52,27.33,34.17
cst717,pcdt574,Clothing,West,Online,470.26,1.17,30.25
cst1005,pcdt184,Sports,West,Online,62.54,18.31,9.14
cst612,pcdt685,Electronics,South,Retail,885.76,6.41,1.47
cst1068,pcdt635,Home,South,Retail,544.19,14.22,66.32
cst1018,pcdt1140,Home,South,Online,879.84,25.52,37.1
cst59,pcdt206,Clothing,West,Online,787.54,7.39,81.8
cst301,pcdt1158,Electronics,East,Retail,425.74,39.3,36.84
cst871,pcdt816,Home,North,Retail,180.13,45.58,22.72
cst524,pcdt272,Home,East,Retail,781.66,25.79,71.54
cst336,pcdt1054,Home,South,Online,712.4,11.39,66.02
cst861,pcdt354,Clothing,South,Retail,443.66,36.65,35.31
cst378,pcdt464,Sports,West,Retail,799.11,17.81,49.11
cst628,pcdt1026,Electronics,South,Online,426.46,22.98,97.05
cst439,pcdt567,Home,West,Online,914.38,0.61,40.56
cst457,pcdt763,Home,North,Online,604.06,16.61,35.82
cst1069,pcdt772,Sports,West,Retail,110.02,14.37,65.17
cst757,pcdt1034,Electronics,West,Retail,668.05,4.23,98.76
cst500,pcdt6,Sports,North,Retail,679.55,43.52,77.21
cst1085,pcdt11,Electronics,West,Retail,382.95,48.46,1.45
cst1017,pcdt481,Home,West,Online,997.21,29.08,21.31
cst177,pcdt170,Sports,South,Retail,326.26,25.51,38.75
cst926,pcdt353,Home,North,Retail,251.02,28.87,68.88
cst948,pcdt304,Home,West,Retail,637.43,35.69,78.55
cst1075,pcdt375,Home,North,Retail,534.9,48.77,16.2
cst521,pcdt57,Clothing,South,Retail,416.13,3.66,76.39
cst46,pcdt285,Clothing,North,Online,460.56,41.57,95.47
cst839,pcdt1024,Sports,West,Online,779.35,15.54,29.63
cst308,pcdt427,Clothing,North,Retail,187.98,16.55,36.08
cst62,pcdt432,Home,West,Retail,564.12,47.14,83.77
cst1119,pcdt431,Electronics,East,Retail,401.07,42.2,4.76
cst1153,pcdt150,Home,South,Online,861.5,36.26,23.1
cst531,pcdt475,Clothing,North,Online,85.08,25.71,39.25
cst875,pcdt292,Clothing,North,Retail,161.46,6.41,69.6
cst367,pcdt802,Sports,East,Online,768.9,20.55,90.15
cst959,pcdt505,Home,North,Online,565.85,17.99,47.13
cst816,pcdt113,Electronics,East,Retail,691.35,26.15,96.47
cst868,pcdt746,Home,West,Retail,439.42,46.12,8.22
cst144,pcdt157,Clothing,West,Retail,952.33,34.9,70.2
cst1163,pcdt407,Electronics,South,Online,680.94,18.7,20.01
cst294,pcdt450,Home,West,Online,397.65,18.76,20.48
cst1107,pcdt864,Clothing,West,Online,125.26,49.99,79.34
cst683,pcdt319,Sports,North,Retail,941.67,10.02,39.32
cst636,pcdt1029,Sports,West,Retail,166.71,40.43,98.39
cst209,pcdt754,Sports,South,Online,987.3,43.43,60.24
cst193,pcdt1167,Clothing,South,Retail,573.57,32.14,29.58
cst772,pcdt675,Clothing,East,Retail,720.02,48.2,56.11
cst327,pcdt143,Clothing,East,Online,143.24,32.49,34.06
cst75,pcdt866,Home,East,Online,279.35,44.83,91.02
cst226,pcdt51,Sports,East,Retail,795.2,11.02,53.14
cst546,pcdt443,Sports,North,Retail,797.07,10.7,82.85
cst629,pcdt408,Sports,South,Online,777.19,7.3,66.62
cst943,pcdt104,Sports,South,Retail,731.11,33.49,51.35
cst238,pcdt902,Home,East,Retail,441.93,35.34,92.76
cst70,pcdt762,Clothing,West,Retail,13.65,34.06,2.79
cst887,pcdt1120,Sports,South,Retail,852.53,35.3,65.08
cst107,pcdt435,Home,North,Retail,503.3,1.31,86.32
cst178,pcdt314,Clothing,North,Retail,74.16,16.15,81.8
cst299,pcdt884,Sports,East,Online,340.78,39.65,27.96
cst1134,pcdt236,Clothing,North,Retail,175.45,38.62,63.63
cst1124,pcdt782,Clothing,South,Online,659.21,37.47,45.19
cst116,pcdt1002,Clothing,East,Retail,327.49,5.0,20.35
cst84,pcdt610,Clothing,East,Retail,763.96,8.62,79.3
cst271,pcdt677,Clothing,South,Retail,699.58,47.85,86.48
cst375,pcdt35,Clothing,South,Online,197.96,11.57,13.53
cst1052,pcdt208,Electronics,West,Retail,498.54,24.08,15.45
cst712,pcdt809,Home,West,Retail,217.71,39.79,41.03
cst927,pcdt461,Electronics,South,Retail,969.53,40.22,18.6
cst267,pcdt525,Clothing,East,Retail,346.3,30.13,95.75
cst17,pcdt563,Home,East,Retail,514.8,17.41,71.43
cst408,pcdt1099,Clothing,South,Retail,931.17,7.2,35.57
cst462,pcdt173,Electronics,East,Online,653.87,47.65,77.63
cst939,pcdt1125,Sports,West,Retail,416.52,11.0,15.02
cst676,pcdt364,Sports,East,Retail,652.26,22.65,34.65
cst44,pcdt870,Electronics,North,Retail,817.25,21.79,28.6
cst268,pcdt1152,Sports,North,Retail,859.86,17.78,54.51
cst41,pcdt365,Electronics,South,Online,73.96,40.58,46.56
cst840,pcdt27,Electronics,South,Retail,308.43,13.97,91.25
cst941,pcdt134,Sports,West,Online,221.8,10.41,54.55
cst1047,pcdt815,Sports,West,Retail,185.62,12.46,69.99
cst1176,pcdt875,Home,North,Online,263.83,46.02,71.58
cst787,pcdt1187,Home,South,Retail,377.03,32.26,65.65
cst120,pcdt255,Clothing,North,Retail,303.69,21.95,49.63
cst387,pcdt81,Electronics,South,Online,452.31,8.21,79.62
cst990,pcdt273,Sports,West,Online,891.35,31.98,86.04
cst935,pcdt286,Home,East,Retail,521.35,0.92,54.12
cst767,pcdt222,Clothing,East,Retail,202.17,24.65,5.93
cst442,pcdt883,Electronics,East,Retail,241.86,43.15,85.68
cst1078,pcdt311,Electronics,North,Online,480.95,8.21,59.37
cst146,pcdt1000,Sports,North,Retail,981.71,21.63,58.22
cst1066,pcdt1195,Sports,South,Online,419.95,23.74,27.23
cst748,pcdt426,Clothing,North,Retail,899.11,12.66,62.32
cst792,pcdt519,Sports,South,Retail,665.03,42.08,14.34
cst857,pcdt705,Sports,North,Retail,95.95,6.4,57.58
cst64,pcdt839,Electronics,South,Retail,811.46,23.39,59.05
cst538,pcdt93,Home,West,Retail,312.28,27.74,59.34
cst422,pcdt1104,Clothing,East,Online,952.14,18.76,24.61
cst589,pcdt668,Sports,South,Retail,762.23,16.77,28.79
cst1032,pcdt913,Electronics,East,Retail,716.05,16.94,65.22
cst262,pcdt1033,Clothing,South,Online,810.52,27.43,42.02
cst449,pcdt1066,Electronics,East,Retail,700.83,43.92,25.18
cst1089,pcdt594,Home,North,Online,351.67,41.67,42.93
cst655,pcdt1050,Clothing,North,Online,530.71,2.26,1.06
cst244,pcdt731,Electronics,South,Online,787.82,45.38,72.91
cst219,pcdt85,Electronics,East,Online,690.1,33.92,97.86
cst69,pcdt857,Home,West,Online,243.65,44.62,54.41
cst435,pcdt1064,Home,South,Online,149.27,13.08,10.04
cst99,pcdt308,Sports,West,Retail,142.89,8.07,6.91
cst102,pcdt935,Electronics,East,Retail,527.67,41.95,86.93
cst946,pcdt1041,Home,North,Retail,637.37,34.42,21.93
cst325,pcdt1115,Electronics,North,Retail,915.82,16.17,92.82
cst897,pcdt1124,Sports,South,Retail,169.24,5.27,70.6
cst1012,pcdt784,Home,West,Retail,316.97,44.33,86.92
cst1003,pcdt449,Electronics,West,Retail,949.93,9.03,37.07
cst100,pcdt1055,Sports,West,Online,347.45,44.72,54.54
cst470,pcdt421,Clothing,East,Online,124.3,29.87,34.2
cst903,pcdt1022,Sports,East,Online,649.7,4.57,64.11
cst984,pcdt252,Home,North,Online,372.73,24.42,4.33
cst664,pcdt1184,Electronics,South,Online,157.11,15.04,61.39
cst96,pcdt658,Clothing,South,Online,297.65,31.37,14.84
cst156,pcdt72,Electronics,North,Online,656.7,29.5,29.1
cst725,pcdt1103,Electronics,East,Online,295.61,32.19,87.56
cst1027,pcdt714,Electronics,North,Online,442.42,5.51,71.59
cst1037,pcdt138,Home,North,Online,853.85,44.77,80.61
cst1112,pcdt725,Home,East,Retail,18.83,25.63,46.66
cst796,pcdt1127,Electronics,South,Online,18.56,6.89,77.83
cst1155,pcdt290,Sports,South,Online,575.68,41.26,23.67
cst275,pcdt320,Electronics,West,Retail,904.75,32.74,58.12
cst485,pcdt979,Electronics,North,Retail,193.2,22.78,56.57
cst722,pcdt728,Sports,South,Retail,939.86,21.76,19.57
cst1098,pcdt451,Home,West,Online,196.43,13.93,86.58
cst624,pcdt274,Electronics,East,Retail,13.71,40.49,15.58
cst1033,pcdt53,Electronics,South,Retail,90.7,0.18,87.13
cst1197,pcdt107,Clothing,West,Retail,882.17,12.49,94.45
cst1168,pcdt1147,Electronics,East,Retail,216.71,21.01,45.52
cst212,pcdt198,Home,East,Retail,339.39,15.17,15.66
cst611,pcdt77,Clothing,West,Retail,155.44,1.76,90.29
cst265,pcdt1053,Clothing,East,Retail,363.2,20.75,62.21
cst220,pcdt265,Home,West,Online,758.06,42.77,11.89
cst695,pcdt540,Home,South,Retail,579.2,18.85,84.7
cst879,pcdt322,Sports,South,Online,434.19,30.63,22.43
cst640,pcdt480,Home,West,Online,474.82,13.81,12.62
cst560,pcdt969,Electronics,North,Retail,494.08,44.38,31.08
cst878,pcdt385,Home,North,Retail,815.72,2.16,77.1
cst49,pcdt287,Electronics,South,Retail,473.54,40.68,64.46
cst737,pcdt396,Clothing,West,Online,113.04,16.82,46.99
cst848,pcdt447,Clothing,North,Online,712.26,6.49,73.93
cst1174,pcdt828,Home,North,Retail,906.08,41.22,50.45
cst1169,pcdt74,Home,East,Online,722.37,8.58,61.54
cst980,pcdt616,Clothing,North,Retail,45.06,33.41,21.41
cst1142,pcdt597,Home,East,Online,715.17,10.07,11.41
cst855,pcdt648,Sports,East,Retail,972.59,32.47,50.01
cst149,pcdt572,Sports,South,Retail,990.28,0.21,54.02
cst117,pcdt262,Home,South,Online,699.34,2.81,50.78
cst788,pcdt1165,Sports,North,Retail,407.09,19.74,31.25
cst553,pcdt849,Home,East,Online,924.96,19.86,33.12
cst370,pcdt1153,Electronics,South,Retail,655.41,13.36,4.73
cst979,pcdt100,Sports,North,Online,137.15,0.58,79.98
cst811,pcdt1059,Home,East,Retail,246.4,4.57,80.68
cst704,pcdt95,Sports,West,Online,585.43,6.25,35.3
cst673,pcdt36,Electronics,North,Retail,235.76,33.2,99.71
cst1185,pcdt196,Clothing,West,Retail,382.38,0.09,83.04
cst1102,pcdt901,Electronics,West,Online,818.65,29.1,74.67
cst329,pcdt803,Home,East,Retail,660.97,9.51,71.67
cst285,pcdt1,Electronics,East,Online,536.88,17.6,40.82
cst78,pcdt39,Sports,East,Retail,469.34,31.9,85.32
cst694,pcdt307,Electronics,North,Online,210.81,44.45,4.36
cst108,pcdt672,Sports,North,Online,12.5,44.33,88.96
cst707,pcdt471,Home,East,Online,405.82,28.5,20.3
cst82,pcdt88,Electronics,West,Retail,843.53,25.79,45.48
cst72,pcdt94,Home,South,Online,537.51,3.45,38.17
cst157,pcdt569,Sports,North,Online,558.44,46.86,10.0
cst884,pcdt118,Sports,South,Online,552.93,47.94,74.77
cst109,pcdt779,Electronics,North,Retail,448.72,8.86,73.0
cst406,pcdt897,Sports,West,Retail,302.86,15.36,84.84
cst249,pcdt670,Clothing,West,Online,606.13,35.5,61.26
cst15,pcdt1007,Clothing,West,Retail,859.2,23.79,68.73
cst515,pcdt316,Sports,North,Retail,805.41,33.06,83.63
cst557,pcdt219,Home,South,Retail,134.33,49.98,19.68
cst822,pcdt179,Sports,North,Online,671.0,32.86,14.41
cst561,pcdt135,Home,West,Retail,678.33,40.91,35.26
cst1120,pcdt941,Electronics,East,Online,842.33,33.38,55.91
cst312,pcdt213,Electronics,West,Online,370.52,16.17,42.5
cst619,pcdt737,Electronics,South,Online,797.36,40.74,11.09
cst622,pcdt991,Home,East,Retail,104.38,39.85,38.55
cst728,pcdt50,Clothing,West,Retail,435.28,10.48,21.79
cst555,pcdt193,Home,South,Online,168.02,14.62,74.92
cst333,pcdt738,Sports,North,Online,873.16,45.25,61.16
cst73,pcdt533,Sports,West,Retail,333.16,26.71,36.71
cst423,pcdt534,Home,South,Retail,769.14,28.82,25.85
cst349,pcdt338,Sports,West,Online,77.41,36.43,73.43
cst643,pcdt325,Electronics,North,Online,945.33,31.61,59.57
cst1145,pcdt1035,Clothing,North,Retail,927.79,3.22,5.83
cst50,pcdt1171,Sports,East,Retail,429.64,21.25,23.75
cst298,pcdt837,Electronics,South,Online,493.32,17.23,95.92
cst945,pcdt1043,Clothing,North,Retail,470.1,21.44,12.64
cst777,pcdt822,Sports,East,Retail,270.68,26.62,42.36
cst854,pcdt1130,Electronics,West,Online,187.76,26.47,26.82
cst126,pcdt1067,Home,North,Online,510.41,46.82,45.86
cst923,pcdt23,Sports,North,Retail,370.96,6.44,56.67
cst942,pcdt611,Clothing,East,Online,893.62,45.34,96.56
cst776,pcdt1069,Electronics,North,Online,594.11,44.29,62.45
cst518,pcdt1072,Sports,West,Online,115.43,18.49,37.06
cst843,pcdt200,Home,East,Online,309.72,11.95,27.01
cst703,pcdt69,Sports,South,Retail,829.94,49.78,67.4
cst1143,pcdt1016,Sports,North,Retail,545.34,14.75,65.09
cst1129,pcdt707,Sports,North,Retail,330.9,38.53,10.41
cst168,pcdt70,Electronics,East,Retail,586.9,27.54,14.66
cst98,pcdt1186,Home,North,Online,65.22,24.4,81.35
cst721,pcdt744,Electronics,North,Retail,597.15,18.5,53.11
cst35,pcdt1028,Clothing,West,Retail,559.38,43.6,75.75
cst1181,pcdt826,Home,North,Online,451.35,41.26,38.74
cst874,pcdt388,Home,West,Online,284.74,22.27,6.39
cst1023,pcdt1144,Electronics,South,Online,254.32,30.82,75.1
cst494,pcdt881,Electronics,West,Online,137.94,7.3,74.47
cst388,pcdt973,Clothing,East,Online,405.89,18.32,75.88
cst405,pcdt509,Sports,South,Retail,607.18,44.17,50.64
cst724,pcdt1193,Clothing,North,Online,171.23,19.07,95.18
cst991,pcdt1042,Home,East,Online,350.22,31.94,65.36
cst1024,pcdt191,Sports,North,Retail,447.09,36.26,76.88
cst242,pcdt945,Clothing,East,Retail,948.72,2.92,49.97
cst1043,pcdt340,Sports,North,Online,360.52,43.14,94.33
cst123,pcdt549,Electronics,North,Online,134.88,29.93,88.27
cst1054,pcdt739,Electronics,North,Online,396.32,27.93,55.51
cst51,pcdt554,Clothing,West,Online,85.81,47.59,22.17
cst1123,pcdt98,Electronics,West,Online,37.99,0.5,84.51
cst1097,pcdt40,Clothing,North,Retail,524.57,43.57,97.54
cst377,pcdt1009,Electronics,North,Online,855.37,38.77,34.99
cst369,pcdt701,Electronics,North,Online,498.36,9.93,64.24
cst617,pcdt1038,Clothing,East,Online,16.9,41.05,69.99
cst90,pcdt656,Clothing,North,Online,47.61,38.77,59.43
cst872,pcdt350,Home,North,Online,580.26,40.49,81.21
cst143,pcdt1134,Electronics,West,Retail,15.15,39.61,3.96
cst507,pcdt1164,Electronics,West,Retail,204.95,23.37,49.08
cst248,pcdt796,Clothing,East,Retail,441.58,35.01,53.36
cst159,pcdt117,Home,North,Online,40.18,27.36,60.88
cst690,pcdt164,Home,South,Retail,522.37,10.83,54.33
cst101,pcdt942,Clothing,North,Online,59.78,21.13,86.25
cst894,pcdt389,Clothing,South,Online,49.55,25.37,4.1
cst818,pcdt1135,Sports,East,Online,465.9,41.57,26.1
cst1135,pcdt824,Clothing,South,Online,25.89,37.71,70.72
cst1167,pcdt605,Electronics,West,Retail,905.76,25.47,36.62
cst632,pcdt1121,Clothing,East,Retail,243.73,17.72,55.76
cst103,pcdt820,Electronics,South,Online,80.05,25.03,60.58
cst241,pcdt614,Clothing,East,Online,451.98,22.49,11.72
cst39,pcdt1046,Home,East,Online,832.47,14.5,25.48
cst30,pcdt324,Sports,West,Online,353.92,9.31,75.6
cst25,pcdt999,Sports,East,Online,523.84,19.91,14.0
cst1161,pcdt1448,Clothing,North,Online,747.95,2.44,8.55
cst1388,pcdt1231,Electronics,North,Retail,343.65,34.32,1.04
cst1034,pcdt1271,Clothing,West,Retail,868.88,15.45,54.43
cst1020,pcdt1324,Home,East,Retail,568.77,29.06,97.48
cst1210,pcdt1267,Home,West,Retail,45.49,32.74,86.51
cst1132,pcdt1139,Electronics,South,Retail,389.77,12.23,96.76
cst1495,pcdt1222,Clothing,South,Online,35.55,5.64,58.21
cst1209,pcdt1216,Sports,North,Retail,425.95,12.43,59.66
cst1065,pcdt1177,Sports,East,Retail,607.32,4.79,97.41
cst1224,pcdt1386,Clothing,East,Retail,503.27,18.27,66.05
cst1096,pcdt1480,Electronics,South,Online,284.07,45.88,12.16
cst1467,pcdt1275,Clothing,East,Retail,799.67,23.92,77.55
cst1068,pcdt1309,Clothing,West,Online,408.84,32.97,60.94
cst1460,pcdt1184,Sports,North,Retail,323.17,0.4,73.63
cst1439,pcdt1209,Clothing,South,Retail,118.65,45.07,46.07
cst1019,pcdt1489,Home,West,Retail,713.03,12.32,78.44
cst1179,pcdt1230,Clothing,East,Online,531.13,23.37,92.37
cst1372,pcdt1462,Sports,North,Retail,476.11,35.85,21.43
cst1408,pcdt1389,Electronics,West,Online,781.68,13.48,35.71
cst1458,pcdt1294,Electronics,North,Retail,897.33,43.88,82.28
cst1169,pcdt1249,Home,South,Online,996.02,21.28,77.67
cst1431,pcdt1286,Home,West,Retail,696.44,7.55,57.35
cst1210,pcdt1000,Sports,East,Retail,743.83,29.35,75.86
cst1361,pcdt1196,Sports,West,Online,353.26,29.35,98.55
cst1056,pcdt1197,Clothing,East,Online,378.29,10.38,22.21
cst1160,pcdt1390,Electronics,South,Online,972.03,5.0,79.96
cst1329,pcdt1047,Sports,South,Online,512.04,36.22,40.36
cst1398,pcdt1177,Clothing,West,Online,510.14,23.23,88.66
cst1076,pcdt1397,Sports,West,Online,185.95,18.82,85.04
cst1281,pcdt1314,Electronics,West,Retail,38.81,0.87,22.86
cst1031,pcdt1300,Home,South,Online,449.87,44.13,21.74
cst1071,pcdt1177,Clothing,North,Retail,863.27,47.96,59.15
cst1304,pcdt1133,Home,West,Online,961.97,30.65,82.46
cst1358,pcdt1098,Clothing,North,Retail,294.47,37.42,74.62
cst1268,pcdt1111,Sports,West,Online,459.51,40.93,94.91
cst1290,pcdt1323,Home,North,Online,998.64,23.66,1.21
cst1060,pcdt1209,Electronics,South,Retail,786.72,30.02,59.24
cst1193,pcdt1323,Clothing,West,Online,272.46,14.33,72.57
cst1014,pcdt1080,Sports,North,Retail,401.83,13.52,1.8
cst1167,pcdt1326,Sports,East,Retail,888.79,24.06,89.95
cst1425,pcdt1259,Electronics,West,Online,495.69,41.72,22.62
cst1037,pcdt1038,Clothing,South,Retail,616.64,11.45,69.43
cst1110,pcdt1403,Sports,West,Online,57.93,0.54,6.0
cst1023,pcdt1242,Clothing,North,Online,973.73,15.62,64.73
cst1408,pcdt1287,Clothing,East,Retail,666.54,0.1,16.88
cst1232,pcdt1229,Clothing,West,Retail,379.27,2.81,3.74
cst1197,pcdt1142,Electronics,North,Online,23.39,41.14,86.65
cst1204,pcdt1041,Sports,East,Online,88.55,30.43,55.29
cst1050,pcdt1195,Sports,South,Online,258.03,36.56,46.3
cst1392,pcdt1069,Electronics,South,Online,78.92,16.56,99.2
cst1035,pcdt1377,Clothing,North,Retail,695.1,38.25,22.91
cst1393,pcdt1210,Sports,West,Retail,640.78,23.45,79.01
cst1173,pcdt1431,Sports,North,Online,46.64,5.64,58.37
cst1314,pcdt1380,Clothing,South,Online,362.87,25.75,88.69
cst1265,pcdt1118,Electronics,South,Online,180.99,39.12,64.99
cst1377,pcdt1312,Clothing,West,Retail,326.42,11.73,75.03
cst1120,pcdt1151,Clothing,West,Online,398.59,32.63,11.92
cst1340,pcdt1267,Electronics,West,Retail,30.77,24.56,36.48
cst1276,pcdt1134,Sports,East,Online,834.47,19.17,88.9
cst1055,pcdt1083,Clothing,East,Online,246.21,40.53,26.9
cst1031,pcdt1436,Clothing,East,Retail,550.89,48.09,97.42
cst1188,pcdt1388,Electronics,East,Retail,511.43,7.2,28.56
cst1171,pcdt1292,Electronics,North,Retail,198.98,33.63,97.08
cst1111,pcdt1191,Clothing,West,Online,36.29,4.36,79.3
cst1090,pcdt1353,Home,West,Online,289.51,19.54,79.39
cst1284,pcdt1153,Home,South,Retail,637.51,17.78,15.94
cst1099,pcdt1169,Home,West,Online,916.76,18.12,22.81
cst1376,pcdt1022,Clothing,West,Retail,671.12,23.36,90.4
cst1126,pcdt1128,Electronics,West,Online,236.45,30.39,81.94
cst1392,pcdt1144,Electronics,East,Online,64.85,45.67,10.08
cst1136,pcdt1168,Clothing,West,Online,962.51,23.0,13.2
cst1366,pcdt1240,Clothing,South,Online,248.79,20.33,79.67
cst1179,pcdt1319,Electronics,North,Online,277.15,43.09,98.65
cst1250,pcdt1110,Electronics,West,Online,806.79,31.54,75.79
cst1045,pcdt1392,Home,West,Online,222.29,16.74,61.09
cst1212,pcdt1495,Clothing,West,Retail,709.32,23.26,16.09
cst1387,pcdt1383,Clothing,North,Online,259.45,1.84,96.96
cst1328,pcdt1183,Home,East,Online,552.38,10.15,28.88
cst1095,pcdt1114,Electronics,East,Online,408.6,32.21,44.51
cst1130,pcdt1363,Sports,North,Online,140.78,5.97,20.38
cst1032,pcdt1411,Sports,West,Retail,964.27,32.4,78.48
cst1464,pcdt1476,Sports,West,Retail,895.84,28.11,76.12
cst1230,pcdt1330,Clothing,North,Retail,834.97,42.92,28.37
cst1041,pcdt1462,Home,West,Online,672.79,46.62,94.52
cst1429,pcdt1398,Sports,North,Retail,317.33,30.83,65.59
cst1022,pcdt1323,Sports,West,Retail,353.41,21.66,55.74
cst1207,pcdt1063,Home,West,Retail,352.86,25.73,78.5
cst1015,pcdt1283,Electronics,North,Online,707.5,49.21,88.53
cst1013,pcdt1039,Home,East,Retail,17.37,9.18,82.96
cst1159,pcdt1453,Sports,North,Online,718.56,1.37,43.2
cst1349,pcdt1063,Home,North,Online,400.37,6.56,26.02
cst1063,pcdt1369,Home,East,Retail,111.82,22.55,82.27
cst1420,pcdt1255,Electronics,North,Retail,143.4,25.69,44.39
cst1228,pcdt1209,Clothing,East,Retail,967.04,42.59,60.0
cst1362,pcdt1470,Sports,South,Online,324.6,26.47,66.08
cst1364,pcdt1445,Home,South,Retail,135.21,5.72,68.87
cst1042,pcdt1448,Sports,South,Retail,376.03,24.21,45.08
cst1494,pcdt1029,Electronics,South,Retail,651.14,14.26,64.33
cst1024,pcdt1289,Electronics,North,Online,82.79,24.23,39.79
cst1344,pcdt1126,Electronics,West,Retail,403.12,33.25,30.31
cst1121,pcdt1335,Home,South,Online,509.67,34.13,17.27
cst1114,pcdt1226,Home,West,Online,633.69,0.64,73.15
cst1019,pcdt1073,Home,South,Retail,437.65,20.44,44.2
cst1044,pcdt1079,Home,North,Online,374.21,49.51,30.94
cst1311,pcdt1130,Electronics,North,Online,383.49,14.53,88.69
cst1089,pcdt1422,Clothing,East,Retail,633.34,33.84,90.07
cst1311,pcdt1458,Clothing,South,Online,327.14,29.32,52.58
cst1281,pcdt1311,Sports,South,Retail,317.92,28.33,56.43
cst1398,pcdt1357,Electronics,South,Online,20.02,30.09,14.13
cst1005,pcdt1293,Electronics,West,Online,611.75,37.83,41.49
cst1275,pcdt1428,Sports,West,Retail,506.97,44.93,25.82
cst1017,pcdt1126,Clothing,East,Online,788.32,12.65,64.58
cst1053,pcdt1088,Sports,North,Online,454.84,38.41,1.73
cst1231,pcdt1377,Sports,North,Online,957.38,48.03,39.7
cst1064,pcdt1047,Home,South,Retail,26.29,36.71,38.07
cst1454,pcdt1029,Sports,West,Retail,94.44,13.64,2.05
cst1237,pcdt1172,Electronics,South,Retail,782.51,27.2,10.09
cst1104,pcdt1255,Clothing,West,Retail,548.83,39.95,27.95
cst1459,pcdt1047,Sports,West,Retail,121.36,11.23,70.77
cst1451,pcdt1423,Electronics,West,Online,863.69,32.67,87.36
cst1395,pcdt1298,Home,West,Online,977.22,11.48,44.34
cst1353,pcdt1286,Electronics,East,Online,286.7,35.41,56.9
cst1022,pcdt1222,Sports,North,Online,179.53,42.25,94.68
cst1135,pcdt1162,Sports,East,Retail,410.86,12.57,44.37
cst1296,pcdt1129,Electronics,West,Online,258.87,23.11,58.91
cst1331,pcdt1130,Home,West,Retail,902.85,38.11,57.96
cst1008,pcdt1123,Electronics,North,Retail,598.44,37.67,71.02
cst1289,pcdt1235,Clothing,East,Retail,968.78,6.29,45.32
cst1292,pcdt1468,Electronics,West,Retail,349.69,48.38,57.41
cst1191,pcdt1228,Home,South,Retail,67.89,23.56,16.24
cst1087,pcdt1331,Home,North,Online,276.04,8.4,40.47
cst1443,pcdt1097,Clothing,West,Online,980.56,37.71,31.28
cst1109,pcdt1499,Electronics,East,Online,670.09,9.72,74.03
cst1133,pcdt1453,Clothing,North,Online,972.53,31.41,47.07
cst1013,pcdt1210,Clothing,West,Retail,60.66,15.91,72.16
cst1061,pcdt1363,Clothing,East,Online,440.55,48.51,28.77
cst1486,pcdt1150,Sports,South,Online,980.53,39.63,79.38
cst1048,pcdt1296,Electronics,South,Retail,203.89,10.9,84.17
cst1092,pcdt1085,Electronics,North,Retail,763.7,1.18,36.97
cst1492,pcdt1350,Clothing,South,Online,436.97,49.48,65.25
cst1481,pcdt1250,Clothing,North,Online,592.98,18.66,59.72
cst1313,pcdt1146,Home,West,Online,607.75,29.81,3.04
cst1436,pcdt1044,Electronics,West,Online,685.21,17.19,12.58
cst1028,pcdt1308,Electronics,South,Retail,41.67,4.12,38.66
cst1028,pcdt1101,Electronics,West,Online,931.56,32.48,87.64
cst1323,pcdt1262,Clothing,South,Retail,936.43,1.44,69.75
cst1460,pcdt1262,Sports,East,Retail,447.6,38.26,43.37
cst1158,pcdt1334,Home,West,Retail,121.14,24.04,23.3
cst1199,pcdt1083,Sports,North,Online,296.28,5.13,74.29
cst1471,pcdt1479,Electronics,West,Retail,867.16,11.85,47.24
cst1001,pcdt1356,Electronics,West,Retail,676.22,30.99,53.08
cst1152,pcdt1321,Home,North,Retail,133.71,49.94,86.98
cst1408,pcdt1293,Clothing,South,Retail,697.89,7.72,92.27
cst1134,pcdt1230,Electronics,West,Online,957.31,20.64,60.42
cst1270,pcdt1063,Clothing,West,Retail,981.87,13.91,65.43
cst1053,pcdt1052,Electronics,South,Online,865.63,7.61,36.25
cst1194,pcdt1232,Electronics,West,Online,835.69,16.03,64.33
cst1398,pcdt1340,Electronics,East,Online,369.68,41.03,45.44
cst1128,pcdt1462,Clothing,East,Retail,326.93,33.23,23.98
cst1339,pcdt1481,Sports,East,Retail,554.51,37.02,65.99
cst1074,pcdt1288,Home,East,Online,242.14,7.39,30.55
cst1431,pcdt1239,Home,West,Retail,610.77,7.66,82.82
cst1059,pcdt1141,Clothing,East,Retail,273.19,43.29,99.67
cst1432,pcdt1487,Clothing,West,Retail,52.81,1.5,22.85
cst1420,pcdt1314,Home,South,Online,496.23,26.85,27.96
cst1372,pcdt1382,Sports,North,Online,509.09,25.29,44.62
cst1409,pcdt1083,Electronics,North,Retail,93.06,35.68,23.56
cst1033,pcdt1418,Sports,North,Online,579.18,22.28,47.68
cst1234,pcdt1446,Clothing,North,Online,919.82,11.94,64.35
cst1343,pcdt1336,Sports,East,Retail,564.85,36.28,49.82
cst1493,pcdt1066,Home,North,Retail,212.02,13.79,9.42
cst1207,pcdt1084,Clothing,East,Retail,851.62,13.04,5.14
cst1496,pcdt1483,Home,South,Online,77.06,18.15,96.88
cst1012,pcdt1131,Home,North,Online,624.78,22.75,90.93
cst1238,pcdt1107,Clothing,West,Retail,940.49,24.79,53.73
cst1049,pcdt1196,Clothing,South,Retail,587.63,31.31,84.75
cst1362,pcdt1273,Electronics,East,Retail,723.73,31.62,97.51
cst1290,pcdt1459,Home,South,Online,579.0,3.58,6.18
cst1334,pcdt1306,Sports,North,Retail,711.22,24.46,39.31
cst1273,pcdt1292,Electronics,North,Retail,691.87,44.82,8.89
cst1038,pcdt1135,Electronics,East,Retail,627.61,4.06,59.02
cst1295,pcdt1330,Electronics,North,Retail,170.3,40.28,46.34
cst1236,pcdt1163,Sports,North,Retail,13.59,7.46,19.36
cst1230,pcdt1047,Home,West,Retail,498.43,17.29,82.28
cst1069,pcdt1169,Clothing,South,Retail,521.86,15.15,64.29
cst1038,pcdt1035,Electronics,North,Retail,667.32,7.18,16.5
cst1083,pcdt1475,Home,West,Online,259.81,6.29,19.41
cst1173,pcdt1035,Sports,North,Online,98.38,19.51,88.07
cst1080,pcdt1384,Clothing,North,Online,561.11,49.98,97.74
cst1011,pcdt1113,Sports,East,Retail,57.78,11.19,84.98
cst1208,pcdt1359,Clothing,West,Online,995.87,15.24,92.73
cst1435,pcdt1035,Electronics,North,Retail,989.65,25.56,97.68
cst1413,pcdt1304,Home,West,Online,381.73,28.85,75.54
cst1003,pcdt1401,Electronics,West,Retail,427.29,27.96,54.98
cst1261,pcdt1491,Home,West,Online,242.83,8.42,14.56
cst1235,pcdt1065,Home,East,Online,20.71,3.42,84.81
cst1334,pcdt1077,Electronics,East,Retail,963.72,31.32,35.49
cst1294,pcdt1189,Electronics,West,Online,884.52,6.0,62.79
cst1452,pcdt1306,Electronics,North,Online,874.43,12.25,3.6
cst1279,pcdt1222,Sports,North,Online,475.15,35.06,74.84
cst1357,pcdt1033,Home,East,Retail,346.54,42.57,68.85
cst1254,pcdt1440,Sports,South,Retail,380.68,22.74,83.42
cst1170,pcdt1127,Clothing,North,Retail,165.67,18.9,30.28
cst1453,pcdt1110,Clothing,East,Retail,921.66,43.29,26.06
cst1367,pcdt1468,Home,East,Retail,779.83,0.12,78.71
cst1077,pcdt1479,Clothing,North,Online,401.63,48.36,99.69
cst1039,pcdt1441,Home,East,Online,413.69,20.52,14.03
cst1496,pcdt1196,Electronics,West,Retail,713.05,38.27,74.3
cst1322,pcdt1240,Clothing,North,Retail,29.95,19.15,41.07
cst1442,pcdt1249,Sports,East,Retail,392.38,4.69,77.21
cst1104,pcdt1358,Clothing,West,Online,46.59,48.06,27.33
cst1318,pcdt1349,Electronics,North,Online,355.28,15.79,12.2
cst1236,pcdt1427,Home,North,Online,686.43,28.97,2.36
cst1227,pcdt1210,Clothing,West,Online,250.99,27.9,89.65
